time,unsigned_flux
0.0,7.776076e+20
0.2,8.186666e+20
0.4,9.423934e+20
0.6,1.086082e+21
0.8,1.044231e+21
1.0,1.064490e+21
1.2,1.298999e+21
1.4,1.298056e+21
1.6,1.200624e+21
1.8,1.221120e+21
2.0,1.324113e+21
2.2,1.283499e+21
2.4,1.174711e+21
2.6,1.266246e+21
2.8,1.509709e+21
3.0,1.512103e+21
3.2,1.599381e+21
3.4,1.808192e+21
4.0,1.980153e+21
4.2,1.931362e+21
4.4,1.919980e+21
4.6,1.880716e+21
4.8,1.819257e+21
5.0,1.843987e+21
5.2,1.891931e+21
5.4,1.902068e+21
5.6,1.993776e+21
5.8,2.094511e+21
6.0,2.135358e+21
6.2,2.136543e+21
6.4,2.193820e+21
6.6,2.145154e+21
6.8,2.216572e+21
7.0,2.222806e+21
7.2,2.292440e+21
7.4,2.522961e+21
7.6,2.554206e+21
7.8,2.696974e+21
8.0,2.678702e+21
8.2,2.617968e+21
8.4,2.709559e+21
8.6,2.816053e+21
8.8,2.854706e+21
