time,unsigned_flux
0.0,9.814883e+18
0.2,5.276717e+19
0.4,5.855875e+19
0.6,6.253054e+19
0.8,7.220696e+19
1.0,8.988232e+19
1.2,1.102504e+20
1.4,1.215003e+20
1.6,1.321664e+20
1.8,1.475827e+20
2.0,1.513495e+20
2.2,1.571376e+20
2.4,1.544447e+20
2.6,1.540833e+20
3.2,1.710565e+20
3.4,1.775928e+20
3.6,1.858487e+20
3.8,1.832868e+20
4.0,1.808759e+20
4.2,1.906828e+20
4.4,2.061225e+20
4.6,1.858607e+20
4.8,1.982526e+20
5.0,1.826006e+20
5.2,1.841139e+20
5.4,1.697250e+20
5.6,1.751519e+20
5.8,1.899133e+20
6.0,1.788322e+20
6.2,1.793308e+20
6.4,1.979327e+20
6.6,1.818052e+20
6.8,1.607836e+20
7.0,1.727624e+20
7.2,1.765286e+20
7.4,1.812474e+20
7.6,1.796358e+20
7.8,1.920611e+20
8.0,1.768631e+20
8.2,1.827852e+20
8.4,1.757807e+20
8.6,1.761125e+20
8.8,1.708050e+20
9.0,1.803065e+20
9.2,1.815951e+20
10.6,1.897784e+20
11.4,2.056556e+20
11.6,2.151046e+20
11.8,2.069705e+20
12.0,2.193109e+20
12.4,2.151884e+20
12.6,2.241728e+20
13.4,2.020153e+20
13.6,2.288953e+20
15.4,2.652186e+20
15.6,2.665931e+20
16.2,2.892523e+20
16.4,2.791691e+20
16.6,2.998327e+20
16.8,2.822843e+20
17.6,2.795076e+20
17.8,2.857973e+20
18.0,2.973816e+20
18.2,2.914814e+20
18.4,2.881822e+20
18.6,2.873203e+20
18.8,2.787730e+20
19.0,2.867125e+20
19.2,2.929614e+20
19.4,2.865593e+20
19.6,2.790022e+20
19.8,2.850763e+20
