time,unsigned_flux
0.0,0.0
0.2,0.0
0.4,0.0
0.6,0.0
0.8,0.0
1.0,0.0
1.2,0.0
1.4,0.0
1.6,0.0
1.8,0.0
2.0,0.0
2.2,0.0
2.4,0.0
2.6,0.0
2.8,0.0
3.0,0.0
3.2,0.0
3.4,0.0
3.6,0.0
3.8,0.0
4.0,2.948525e+17
4.2,0.0
4.4,0.0
4.6,0.0
4.8,0.0
5.0,0.0
5.2,1.607465e+17
5.4,0.0
5.6,2.091404e+17
5.8,1.47142e+18
6.0,2.236201e+18
6.2,2.454147e+18
6.4,3.700052e+18
6.6,3.359276e+18
6.8,4.843126e+18
7.0,7.536257e+18
7.2,6.291093e+18
15.6,7.132717e+18
17.6,4.369094e+18
