time,unsigned_flux
0.0,1.04699e+20
0.2,7.618403e+19
2.4,0.0
