time,unsigned_flux
0.0,6.709890e+20
0.8,1.906675e+21
1.0,2.099033e+21
1.2,2.191200e+21
1.4,2.387751e+21
1.6,2.410338e+21
1.8,2.516011e+21
2.0,2.699361e+21
2.2,2.764724e+21
2.4,2.942835e+21
2.6,3.251099e+21
2.8,3.390587e+21
3.0,3.530138e+21
3.2,3.835150e+21
3.4,3.940420e+21
3.6,4.060658e+21
3.8,4.195581e+21
