time,unsigned_flux
0.0,7.136406e+18
0.2,1.820383e+19
0.4,8.227531e+19
0.6,1.710902e+20
0.8,2.444909e+20
1.0,2.881653e+20
1.2,7.172407e+20
1.4,7.854824e+20
1.6,1.056851e+21
1.8,1.157423e+21
2.0,1.273642e+21
2.6,1.386655e+21
2.8,1.457248e+21
3.0,1.448747e+21
3.2,1.493443e+21
3.4,1.509006e+21
3.6,1.610374e+21
3.8,1.562403e+21
4.0,1.623525e+21
4.2,1.649345e+21
4.4,1.656816e+21
4.6,1.638124e+21
4.8,1.647699e+21
5.0,1.615192e+21
5.2,1.664363e+21
5.4,1.740501e+21
5.6,1.857493e+21
5.8,1.841176e+21
6.0,1.877836e+21
6.2,1.915635e+21
6.4,1.844723e+21
6.6,1.805833e+21
6.8,1.789522e+21
7.0,1.794309e+21
7.2,1.786532e+21
7.4,1.708090e+21
7.6,1.731857e+21
7.8,1.711076e+21
8.0,1.714558e+21
8.2,1.707308e+21
8.4,1.731163e+21
8.6,1.720413e+21
8.8,1.759974e+21
9.0,1.718417e+21
9.2,1.708603e+21
9.4,1.775173e+21
9.6,1.788232e+21
9.8,1.769774e+21
10.0,1.789887e+21
10.2,1.843981e+21
10.4,1.895254e+21
10.6,1.921489e+21
10.8,2.039201e+21
11.0,2.094101e+21
11.2,2.190095e+21
11.4,2.232102e+21
11.6,2.290879e+21
11.8,2.358462e+21
12.0,2.440954e+21
12.2,2.450020e+21
12.4,2.500061e+21
12.6,2.513627e+21
12.8,2.594595e+21
13.0,2.685010e+21
13.2,2.726133e+21
13.4,2.755813e+21
13.6,2.812821e+21
13.8,2.846578e+21
14.0,2.919261e+21
14.6,2.974030e+21
14.8,3.012416e+21
15.0,3.039476e+21
15.2,3.107322e+21
15.4,3.105929e+21
15.6,3.099751e+21
15.8,3.039846e+21
16.0,3.105285e+21
16.2,3.190876e+21
16.4,3.276738e+21
16.6,3.171284e+21
16.8,3.243244e+21
17.0,3.302903e+21
17.2,3.335099e+21
17.4,3.245307e+21
17.6,3.181810e+21
17.8,3.216252e+21
18.0,3.222658e+21
18.2,3.184038e+21
18.4,3.224981e+21
18.6,3.090953e+21
18.8,3.046267e+21
19.0,3.072923e+21
19.2,3.051683e+21
19.4,3.023776e+21
19.6,3.094178e+21
19.8,3.058174e+21
20.0,3.141331e+21
20.2,3.139417e+21
20.4,3.081454e+21
23.6,3.568122e+21
23.8,3.573855e+21
24.0,3.590297e+21
24.2,3.585990e+21
24.4,3.614069e+21
24.6,3.679843e+21
24.8,3.699211e+21
25.0,3.701972e+21
25.2,3.746556e+21
25.4,3.784447e+21
25.6,3.720033e+21
25.8,3.724293e+21
26.0,3.710827e+21
26.6,3.603770e+21
26.8,3.595049e+21
27.0,3.529624e+21
27.2,3.570536e+21
27.4,3.515473e+21
27.6,3.483150e+21
27.8,3.515874e+21
28.0,3.399818e+21
28.2,3.482777e+21
28.4,3.469578e+21
28.6,3.655456e+21
