time,unsigned_flux
0.0,9.708732e+19
0.2,1.473568e+20
0.4,3.065653e+20
0.6,4.741178e+20
0.8,6.305383e+20
1.0,6.540672e+20
1.2,7.004844e+20
1.4,9.374559e+20
1.6,9.742192e+20
1.8,1.018819e+21
2.0,1.049406e+21
2.2,1.029169e+21
2.4,1.055964e+21
2.6,1.064643e+21
2.8,1.071841e+21
3.0,1.072549e+21
3.2,1.100315e+21
3.4,1.104476e+21
3.6,1.129598e+21
3.8,1.10225e+21
4.0,1.089852e+21
4.2,1.093657e+21
4.4,1.093252e+21
4.6,1.08957e+21
4.8,1.079969e+21
5.0,1.113291e+21
5.2,1.097602e+21
5.4,1.106286e+21
5.6,1.119302e+21
5.8,1.143142e+21
6.0,1.140381e+21
6.2,1.149874e+21
6.4,1.173253e+21
6.6,1.168149e+21
6.8,1.168283e+21
7.0,1.17263e+21
7.2,1.152966e+21
7.4,1.127725e+21
7.6,1.108352e+21
7.8,1.088614e+21
8.0,1.103478e+21
8.2,1.076899e+21
8.4,1.049728e+21
8.6,1.017018e+21
8.8,1.02355e+21
9.0,1.02659e+21
9.2,9.995355e+20
9.4,1.004945e+21
9.6,1.008841e+21
9.8,1.026383e+21
10.0,1.023414e+21
10.2,1.074276e+21
10.4,1.043796e+21
10.6,1.050599e+21
10.8,1.027777e+21
11.0,9.856866e+20
11.2,9.889687e+20
11.4,9.859077e+20
11.6,9.648663e+20
11.8,9.705905e+20
12.0,9.848289e+20
12.2,9.993466e+20
12.4,9.738813e+20
12.6,9.510586e+20
12.8,9.241617e+20
13.0,9.157109e+20
13.2,9.074655e+20
13.4,8.959701e+20
13.6,9.108732e+20
13.8,9.038783e+20
14.0,9.389608e+20
14.2,9.668665e+20
14.4,9.3167e+20
14.6,9.341741e+20
14.8,9.509941e+20
15.8,9.756151e+20
28.6,2.350997e+18
28.8,0.0
31.4,0.0
