time,unsigned_flux
0.0,3.298732e+19
0.2,3.869035e+19
0.4,3.779294e+19
0.6,3.152550e+19
0.8,3.858525e+19
1.0,4.674798e+19
1.2,5.644136e+19
1.4,6.457597e+19
1.6,6.401690e+19
1.8,7.181403e+19
2.0,8.237260e+19
2.2,8.310323e+19
2.4,9.133991e+19
2.6,9.386250e+19
2.8,9.541404e+19
3.0,1.138361e+20
3.2,1.096375e+20
3.6,1.167382e+20
3.8,1.229386e+20
4.0,1.246047e+20
4.2,1.149690e+20
4.4,1.261840e+20
4.6,1.269529e+20
4.8,1.268793e+20
5.0,1.411178e+20
5.2,1.358376e+20
5.4,1.347098e+20
5.6,1.377465e+20
5.8,1.279122e+20
6.0,1.295216e+20
6.2,1.197762e+20
6.4,1.150606e+20
6.6,1.156168e+20
6.8,1.232465e+20
8.8,1.308064e+20
9.8,1.395720e+20
13.4,1.056256e+20
13.6,1.060951e+20
13.8,1.026660e+20
14.0,1.010950e+20
14.2,1.182362e+20
14.4,1.120133e+20
14.6,1.092995e+20
14.8,1.037668e+20
15.0,1.024387e+20
15.2,1.117440e+20
15.4,1.017230e+20
15.6,1.059822e+20
15.8,1.033789e+20
18.2,6.858687e+19
18.4,6.748520e+19
18.6,7.374584e+19
53.0,2.603578e+18
59.0,3.078235e+18
59.2,2.754098e+18
59.4,2.454107e+18
59.6,7.969729e+18
60.0,2.096094e+19
60.2,3.521054e+19
60.4,4.758764e+19
61.2,6.443290e+19
63.0,7.284397e+19
63.4,7.859185e+19
64.8,8.295776e+19
66.4,7.713948e+19
66.6,6.580539e+19
