time,unsigned_flux
0.0,8.341266e+19
0.2,5.414649e+20
0.4,6.128082e+20
0.6,6.705238e+20
0.8,6.282961e+20
1.0,6.325356e+20
1.2,6.329006e+20
1.4,7.489528e+20
1.6,7.569868e+20
1.8,7.307036e+20
2.0,7.506552e+20
2.2,7.705027e+20
2.4,7.569146e+20
2.6,7.559258e+20
2.8,7.695811e+20
3.0,7.736629e+20
3.2,8.005858e+20
3.4,8.239680e+20
3.6,8.323305e+20
3.8,8.185161e+20
